{"24": [[579.4979248046875, 558.4154052734375, 156.1513214111328, 128.6100616455078], [366.6678161621094, 416.8962707519531, 137.2911376953125, 68.64556884765625]], "25": [[635.8950805664062, 349.4926452636719, 336.47332763671875, 227.44200134277344], [708.0, 124.0, 366.0, 330.0]], "26": [[627.123779296875, 311.5284118652344, 302.0762939453125, 192.42962646484375], [518.8800048828125, 70.5, 352.5, 155.10000610351562]], "27": [[571.5888671875, 427.2998962402344, 253.19113159179688, 206.0074920654297], [374.0417785644531, 389.4784240722656, 317.044921875, 200.67637634277344]], "20": [[420.29730224609375, 429.2763977050781, 143.55918884277344, 90.75177001953125], [393.0, 379.0, 47.0, 141.0]], "21": [[639.3297119140625, 403.2857360839844, 216.79415893554688, 179.9899139404297], [651.0, 343.0, 156.0, 150.0]], "22": [[511.353515625, 360.3923645019531, 291.36529541015625, 184.18594360351562], [248.0, 231.0, 494.0, 143.0]], "23": [[631.7991943359375, 319.1859436035156, 288.4382019042969, 188.3947296142578], [596.0, 149.0, 351.0, 102.0]], "28": [[590.36474609375, 359.68194580078125, 192.23129272460938, 156.44142150878906], [803.0, 285.0, 126.0, 140.0]], "29": [[601.185302734375, 290.7203369140625, 368.94976806640625, 228.8185272216797], [389.1600036621094, 293.2799987792969, 458.25, 166.3800048828125]], "0": [[572.6895751953125, 436.1722106933594, 249.41412353515625, 212.62503051757812], [344.0400085449219, 393.3900146484375, 322.8900146484375, 279.17999267578125]], "4": [[609.8997192382812, 420.0273742675781, 306.0903015136719, 207.66734313964844], [215.0, 199.0, 420.0, 195.0]], "8": [[553.172607421875, 294.90814208984375, 317.5030517578125, 183.41302490234375], [535.0, 187.0, 466.0, 163.0]], "59": [[585.9105834960938, 437.94305419921875, 255.60781860351562, 223.73153686523438], [416.0, 412.0, 331.0, 242.0]], "58": [[538.6764526367188, 453.9914855957031, 188.00099182128906, 127.87638092041016], [397.6199951171875, 425.82000732421875, 227.00999450683594, 69.08999633789062]], "55": [[533.3689575195312, 492.97674560546875, 170.3745880126953, 134.63778686523438], [289.73394775390625, 401.3527526855469, 155.5538787841797, 55.80940628051758]], "54": [[563.49658203125, 475.81982421875, 201.22225952148438, 139.62405395507812], [311.6099853515625, 411.7200012207031, 229.8300018310547, 98.69999694824219]], "57": [[718.399169921875, 396.7467346191406, 294.81268310546875, 223.3057098388672], [652.0, 369.0, 142.0, 123.0]], "56": [[548.692138671875, 411.7118835449219, 228.46595764160156, 159.14202880859375], [313.0, 414.0, 162.0, 63.0]], "51": [[580.821533203125, 390.75537109375, 239.591064453125, 182.37142944335938], [748.4041748046875, 534.0960083007812, 184.17105102539062, 264.5365905761719]], "50": [[675.7333984375, 458.1796875, 251.08180236816406, 187.47865295410156], [964.1965942382812, 299.2334289550781, 79.55809020996094, 81.9329605102539]], "53": [[644.6375122070312, 374.53497314453125, 357.5597229003906, 216.38836669921875], [659.0260009765625, 353.85540771484375, 355.0428161621094, 148.4292755126953]], "52": [[608.750732421875, 390.6059875488281, 200.88958740234375, 175.7915802001953], [676.8375244140625, 355.0428161621094, 180.49000549316406, 104.49420928955078]], "88": [[658.1968994140625, 409.7044982910156, 323.2703857421875, 228.03759765625], [308.0, 192.0, 193.0, 193.0]], "89": [[464.1304931640625, 449.0596008300781, 142.3668670654297, 121.76119995117188], [273.10986328125, 395.41558837890625, 142.4921112060547, 78.37065887451172]], "82": [[537.0230712890625, 342.0780029296875, 217.79238891601562, 151.22230529785156], [574.0, 1.0, 177.0, 275.0]], "83": [[596.490234375, 391.3419494628906, 222.50729370117188, 184.26133728027344], [1.409999966621399, 592.2000122070312, 586.5599975585938, 265.0799865722656]], "80": [[577.091064453125, 415.9083557128906, 224.37828063964844, 179.6560821533203], [632.0, 296.0, 151.0, 196.0]], "81": [[615.486572265625, 479.7728271484375, 263.1029968261719, 217.65890502929688], [463.8900146484375, 434.2799987792969, 227.00999450683594, 108.56999969482422]], "86": [[641.4965209960938, 479.1528625488281, 298.656494140625, 242.18597412109375], [629.0, 439.0, 331.0, 205.0]], "87": [[478.78045654296875, 426.1920471191406, 168.5406036376953, 121.18317413330078], [378.9683532714844, 409.28582763671875, 181.0626678466797, 66.52999877929688]], "84": [[474.29144287109375, 455.92474365234375, 170.3036651611328, 132.59246826171875], [84.0, 492.0, 120.0, 144.0]], "85": [[600.9403686523438, 382.6296691894531, 203.603515625, 178.18890380859375], [656.0, 430.0, 85.0, 191.0]], "3": [[582.78759765625, 497.6983337402344, 236.46705627441406, 152.97998046875], [350.2930908203125, 407.2899475097656, 188.80203247070312, 111.61881256103516]], "7": [[387.54351806640625, 350.2803649902344, 136.8052978515625, 99.78446960449219], [276.0, 429.0, 132.0, 45.0]], "39": [[642.6503295898438, 423.6117248535156, 219.15171813964844, 193.59796142578125], [664.963134765625, 429.8511962890625, 132.9926300048828, 141.30467224121094]], "38": [[514.3153076171875, 438.6214904785156, 187.638671875, 143.09146118164062], [234.39950561523438, 398.47918701171875, 257.8394775390625, 117.19975280761719]], "33": [[544.3151245117188, 294.3270263671875, 271.0163269042969, 210.82394409179688], [811.0, 3.0, 255.0, 158.0]], "32": [[628.1646118164062, 380.6475524902344, 219.39222717285156, 167.7600860595703], [821.09814453125, 322.544189453125, 65.68785095214844, 101.0582275390625]], "31": [[452.6793518066406, 401.9754333496094, 165.36099243164062, 120.5427474975586], [576.0, 363.0, 42.0, 113.0]], "30": [[472.66192626953125, 361.8770446777344, 210.49417114257812, 138.2322998046875], [279.0, 345.0, 216.0, 144.0]], "37": [[600.37939453125, 403.0363464355469, 189.3773193359375, 168.56857299804688], [769.0, 253.0, 120.0, 267.0]], "36": [[511.0821838378906, 458.79974365234375, 160.58143615722656, 112.95050048828125], [474.0, 442.0, 150.0, 75.0]], "35": [[557.7653198242188, 353.01837158203125, 153.33824157714844, 147.3475341796875], [820.6199951171875, 391.9800109863281, 133.9499969482422, 245.33999633789062]], "34": [[680.96142578125, 317.0726013183594, 391.3038330078125, 217.4183349609375], [705.0, 187.0, 400.0, 152.0]], "60": [[600.2666625976562, 384.9112854003906, 216.1736297607422, 168.58062744140625], [764.0, 265.0, 85.0, 265.0]], "61": [[494.22344970703125, 432.1372985839844, 164.13336181640625, 134.11618041992188], [184.7100067138672, 400.44000244140625, 236.8800048828125, 81.77999877929688]], "62": [[513.2657470703125, 395.0675964355469, 275.153564453125, 169.79257202148438], [434.6009216308594, 175.74026489257812, 184.05230712890625, 125.86802673339844]], "63": [[514.8575439453125, 253.6138916015625, 306.2198486328125, 196.2156219482422], [548.489990234375, 148.0500030517578, 356.7300109863281, 143.82000732421875]], "64": [[694.7062377929688, 447.0439453125, 221.7943115234375, 195.22369384765625], [703.1968383789062, 488.4481201171875, 130.53355407714844, 196.22140502929688]], "65": [[642.1689453125, 384.3763122558594, 264.1164855957031, 204.46197509765625], [758.0, 264.0, 94.0, 264.0]], "66": [[482.35931396484375, 272.3971862792969, 207.05023193359375, 143.19866943359375], [375.0392150878906, 55.251312255859375, 187.5196075439453, 179.148193359375]], "67": [[501.079833984375, 343.7854919433594, 202.3782501220703, 157.60894775390625], [732.6469116210938, 295.6711120605469, 96.18217468261719, 77.18321990966797]], "68": [[558.4286499023438, 284.7919616699219, 272.974609375, 169.1089630126953], [575.9530639648438, 128.91973876953125, 425.2677001953125, 195.89102172851562]], "69": [[587.6129760742188, 376.3068542480469, 219.68838500976562, 182.26565551757812], [763.0, 253.0, 171.0, 278.0]], "2": [[563.9322509765625, 376.6575012207031, 192.27542114257812, 164.08009338378906], [534.3453979492188, 415.6019592285156, 131.80519104003906, 172.17796325683594]], "6": [[577.2461547851562, 335.5274353027344, 161.37535095214844, 157.8590087890625], [822.0, 393.0, 138.0, 244.0]],